 x, y,Treename,Genus, facilityID, Streetview
-76.98478863,38.85793418,Pin Oak,Quercus Palustris, 36207-150-3005-0384-000,"https://www.google.com/maps/@38.856901,-76.9829,3a,75y,85t/data=!3m6!1e1!3m4!1s30vV7btGPjbl4jU--kDyJw!2e0!7i13312!8i6656"
-76.9840813,38.85746045,Pin Oak,Quercus Palustris, 36207-155-3005-0205-000,"https://www.google.com/maps/@38.856975,-76.982417,3a,75y,270h,85t/data=!3m6!1e1!3m4!1sGMvea_4P09PTuNWAlmx6_Q!2e0!7i13312!8i6656"
-76.98310777,38.85686214,Pin Oak,Quercus Palustris, 36207-158-3005-0227-000,"https://www.google.com/maps/@38.856975,-76.982417,3a,75y,270h,85t/data=!3m6!1e1!3m4!1sGMvea_4P09PTuNWAlmx6_Q!2e0!7i13312!8i6656
1570,1572,1573,1574,1584,1587,1591"
-76.98231287,38.85686113,Pin Oak,Quercus Palustris, 30160-240-3005-0030-000,"https://www.google.com/maps/@38.855506,-76.982243,3a,75y,85t/data=!3m6!1e1!3m4!1s1b2l3w4cNmE1jksshP9vGA!2e0!7i13312!8i6656"
-76.98230877,38.85598126,Pin Oak,Quercus Palustris, 30160-240-3005-0356-000,"https://www.google.com/maps/@38.855506,-76.982243,3a,75y,85t/data=!3m6!1e1!3m4!1s1b2l3w4cNmE1jksshP9vGA!2e0!7i13312!8i6657"
-76.98231216,38.85538529,Pin Oak,Quercus Palustris, 30160-240-3005-0570-000,"https://www.google.com/maps/@38.855506,-76.982243,3a,75y,85t/data=!3m6!1e1!3m4!1s1b2l3w4cNmE1jksshP9vGA!2e0!7i13312!8i6658"
-76.98204268,38.85522609,Yoshino Cherry,Prunus Yedoensis, 33874-160-3001-0057-000,"https://www.google.com/maps/@38.855162,-76.981462,3a,90y,90h,85t/data=!3m6!1e1!3m4!1sIm97Dxq2JdetoXY-lrHRNg!2e0!7i13312!8i6656
"
-76.98100375,38.85522669,Scarlett Oak,Quercus Coccinea, 33874-160-3001-0057-001,"https://www.google.com/maps/@38.855162,-76.981462,3a,90y,90h,85t/data=!3m6!1e1!3m4!1sIm97Dxq2JdetoXY-lrHRNg!2e0!7i13312!8i6656
"
-76.98058842,38.85522329,Scarlett Oak,Quercus Coccinea, 33874-160-3001-0057-002,"https://www.google.com/maps/@38.855162,-76.981462,3a,90y,90h,85t/data=!3m6!1e1!3m4!1sIm97Dxq2JdetoXY-lrHRNg!2e0!7i13312!8i6656
"
-76.9797814,38.85522172,Yoshino Cherry,Prunus Yedoensis, 33874-160-3001-0057-003,"https://www.google.com/maps/@38.855162,-76.981462,3a,90y,90h,85t/data=!3m6!1e1!3m4!1sIm97Dxq2JdetoXY-lrHRNg!2e0!7i13312!8i6656
"
